42, 0.2, -2.32981276512146, -2.181145429611206, -2.329831600189209, 0.0,-2.3021631240844727, 0.0, 93.8544442653656, 2658.854035139084
43, 0.6, -3.4062702655792236, -3.4107139110565186, -3.406409740447998, 0.0,-3.3847572803497314, 5.960464477539063e-08, 98.06242632865906, 2721.3720486164093
64, 0.8, -2.570472478866577, -2.858718156814575, -2.570472478866577, 0.0,-2.5528035163879395, 1.7881393432617188e-07, 96.67760038375854, 2627.5175108909607
97, 0.2, -3.484832525253296, -3.486531972885132, -3.484832525253296, 0.0,-3.4710419178009033, 0.0, 91.52974271774292, 2485.2191145420074
47, 0.4, -2.89235782623291, -2.725260019302368, -2.89235782623291, 0.0,-2.882768392562866, 0.0, 96.70183563232422, 2753.287236213684
64, 0.6, -2.570472478866577, -2.858718156814575, -2.570472478866577, 0.0,-2.5580317974090576, 0.0, 95.75042200088501, 2701.0904211997986
50, 0.2, -3.972456693649292, -3.6941728591918945, -3.972456693649292, 0.0,-3.929952621459961, 2.9802322387695312e-08, 95.81653499603271, 2748.783279657364
53, 0.8, -3.756157398223877, -3.9525258541107178, -3.756169319152832, 0.0,-3.699237585067749, 0.0, 100.45377826690674, 2754.721717596054
53, 1.0, -3.756157398223877, -3.9525258541107178, -3.756180763244629, 0.0,-3.6729257106781006, 0.0, 101.6218593120575, 2757.287717103958
93, 0.8, -2.9097325801849365, -2.9119741916656494, -2.9097900390625, 0.0,-2.7424111366271973, 0.0, 104.86390709877014, 2566.7094790935516
43, 0.4, -3.4062702655792236, -3.4107139110565186, -3.4062702655792236, 0.0,-3.390643835067749, 0.0, 95.05005764961243, 2851.7321717739105
65, 0.4, -4.832228183746338, -4.682443141937256, -4.832228183746338, 0.0,-4.763769626617432, 2.9802322387695312e-08, 94.91964530944824, 2750.330274581909
92, 1.0, -3.578749418258667, -3.5186069011688232, -3.578995943069458, 0.0,-3.4327008724212646, 0.0, 98.8161392211914, 2591.6791751384735
93, 1.0, -2.9097325801849365, -2.9119741916656494, -2.909806966781616, 0.0,-2.636504650115967, 1.1920928955078125e-07, 109.69769668579102, 2586.034082174301
42, 0.4, -2.32981276512146, -2.181145429611206, -2.3298885822296143, 0.0,-2.2634122371673584, 2.9802322387695312e-08, 97.15689778327942, 2851.7627959251404
54, 0.4, -2.8091013431549072, -2.6459391117095947, -2.8091013431549072, 0.0,-2.797168493270874, 0.0, 92.33376336097717, 2812.2783274650574
32, 0.2, -4.821239471435547, -4.389590740203857, -4.821239471435547, 0.0,-4.804515838623047, 8.940696716308594e-08, 93.97822260856628, 2884.0405735969543
41, 0.8, -5.159901142120361, -4.342650890350342, -5.159910202026367, 0.0,-5.067685604095459, 5.960464477539063e-08, 99.40665555000305, 2881.651863336563
32, 0.4, -4.821239471435547, -4.389590740203857, -4.821239471435547, 0.0,-4.7812113761901855, 2.9802322387695312e-08, 101.35307121276855, 2878.7025871276855
93, 0.6, -2.9097325801849365, -2.9119741916656494, -2.909773349761963, 0.0,-2.811675548553467, 0.0, 100.08777332305908, 2615.50736451149
34, 1.0, -2.8936362266540527, -3.162105083465576, -2.8929026126861572, 0.0,-1.8959505558013916, 0.0, 128.65377163887024, 2815.9189331531525
35, 0.8, -2.2274320125579834, -2.609264612197876, -2.227437973022461, 0.0,-2.0365054607391357, 0.000726163387298584, 116.42018055915833, 2869.8377180099487
54, 1.0, -2.8091013431549072, -2.6459391117095947, -2.8091013431549072, 0.0,-2.7832748889923096, 7.152557373046875e-06, 95.59342861175537, 2817.3258159160614
44, 1.0, -3.298344373703003, -3.330371856689453, -3.298344373703003, 0.0,-3.2203915119171143, 0.006756424903869629, 140.08620500564575, 2836.5915451049805
84, 0.2, -3.9928970336914062, -3.821514129638672, -3.9928970336914062, 0.0,-4.000611305236816, 0.0003078728914260864, 92.853031873703, 2679.613253593445
39, 0.2, -2.485116958618164, -3.0222718715667725, -2.485116958618164, 0.0,-2.4724371433258057, 0.0, 93.69515204429626, 2881.1135172843933
39, 0.6, -2.485116958618164, -3.0222718715667725, -2.485055685043335, 0.0,-2.4430274963378906, 0.0, 97.26835989952087, 2885.891390800476
39, 0.4, -2.485116958618164, -3.0222718715667725, -2.485116958618164, 0.0,-2.458388328552246, 0.0, 98.95439505577087, 2885.1018385887146
53, 0.6, -3.756157398223877, -3.9525258541107178, -3.7561676502227783, 0.0,-3.7194366455078125, 0.0, 100.01445746421814, 2827.8385167121887
95, 1.0, -4.3931145668029785, -3.6649322509765625, -4.393132209777832, 0.0,-4.37180757522583, 0.08599317073822021, 108.6633985042572, 2572.24769115448
34, 0.8, -2.8936362266540527, -3.162105083465576, -2.8928744792938232, 0.0,-1.9077067375183105, 0.0, 135.99595499038696, 2833.012393474579
43, 0.2, -3.4062702655792236, -3.4107139110565186, -3.4062702655792236, 0.0,-3.3971829414367676, 0.0, 94.001779794693, 2913.737126350403
94, 0.6, -3.7426252365112305, -4.002300262451172, -3.7426559925079346, 0.0,-3.705493450164795, 0.0, 107.2381443977356, 2639.6308093070984
41, 0.4, -5.159901142120361, -4.342650890350342, -5.159901142120361, 0.0,-5.131474018096924, 5.960464477539063e-08, 95.59963274002075, 2921.7850363254547
68, 0.6, -5.113473892211914, -4.438535690307617, -5.113473892211914, 0.0,-5.062171936035156, 0.7078204154968262, 106.66753816604614, 2757.5753424167633
65, 0.6, -4.832228183746338, -4.682443141937256, -4.832228183746338, 0.0,-4.739730358123779, 0.0, 97.80478978157043, 2812.264469385147
65, 0.2, -4.832228183746338, -4.682443141937256, -4.832228183746338, 0.0,-4.794236660003662, 0.0, 95.39275527000427, 2817.0178339481354
47, 0.8, -2.89235782623291, -2.725260019302368, -2.892326831817627, 0.0,-2.892143726348877, 1.1835708618164062, 92.55967974662781, 2879.2589201927185
43, 0.8, -3.4062702655792236, -3.4107139110565186, -3.4064931869506836, 0.0,-3.3773627281188965, 0.0, 123.78141045570374, 2897.546200275421
45, 0.4, -4.306341171264648, -4.2269439697265625, -4.306347370147705, 0.0,-4.170255661010742, 0.0, 104.35271167755127, 2912.6643719673157
50, 1.0, -3.972456693649292, -3.6941728591918945, -3.972463369369507, 0.0,-3.3625271320343018, 0.0, 114.44196033477783, 2854.639028072357
45, 0.2, -4.306341171264648, -4.2269439697265625, -4.3063459396362305, 0.0,-4.254855632781982, 4.470348358154297e-08, 98.75365233421326, 2922.518032312393
46, 1.0, -3.6313374042510986, -3.7310287952423096, -3.631499767303467, 0.0,-3.472565174102783, 0.0, 94.35909700393677, 2892.0406708717346
95, 0.6, -4.3931145668029785, -3.6649322509765625, -4.3931145668029785, 0.0,-4.3925700187683105, 0.6000093221664429, 96.84140157699585, 2623.2397372722626
41, 0.6, -5.159901142120361, -4.342650890350342, -5.159901142120361, 0.0,-5.159170150756836, 0.0, 92.71630954742432, 2949.322211265564
47, 0.6, -2.89235782623291, -2.725260019302368, -2.8923702239990234, 0.0,-2.8922369480133057, 0.602326512336731, 92.93641066551208, 2897.0986154079437
72, 0.2, -3.1541531085968018, -3.0826451778411865, -3.1541531085968018, 0.0,-3.1487555503845215, 0.0, 92.52644181251526, 2825.4659690856934
47, 1.0, -2.89235782623291, -2.725260019302368, -2.89233660697937, 0.0,-2.8665642738342285, 0.0, 101.21007204055786, 2892.2158727645874
50, 0.8, -3.972456693649292, -3.6941728591918945, -3.972456693649292, 0.0,-3.9271788597106934, 0.7210351824760437, 138.83032512664795, 2848.069229364395
79, 1.0, -3.123046636581421, -3.0568392276763916, -3.123046636581421, 0.0,-3.10050368309021, 1.1920928955078125e-07, 96.85442280769348, 2783.7594985961914
49, 0.6, -2.684413433074951, -2.6484169960021973, -2.6844046115875244, 0.0,-2.622898817062378, 0.0, 94.89079594612122, 2923.679909467697
48, 0.6, -5.348647117614746, -4.131738185882568, -5.348647117614746, 0.0,-5.196505546569824, 0.0, 103.94225096702576, 2915.679847717285
70, 0.2, -3.7302916049957275, -3.9156432151794434, -3.7302818298339844, 0.0,-3.7242040634155273, 2.9802322387695312e-08, 96.11179065704346, 2821.083718776703
46, 0.8, -3.6313374042510986, -3.7310287952423096, -3.6313374042510986, 0.0,-3.498474597930908, 0.0, 94.82578468322754, 2918.0248215198517
46, 0.6, -3.6313374042510986, -3.7310287952423096, -3.6313374042510986, 0.0,-3.529639720916748, 0.0, 94.33325791358948, 2923.2092475891113
49, 0.2, -2.684413433074951, -2.6484169960021973, -2.684413433074951, 0.0,-2.6612699031829834, 0.0, 93.28031516075134, 2943.257341861725
81, 0.2, -1.6700358390808105, -3.171649217605591, -1.6700358390808105, 0.0,-1.6513688564300537, 0.0, 95.16547203063965, 2759.0018758773804
45, 0.6, -4.306341171264648, -4.2269439697265625, -4.306382656097412, 0.0,-4.186347961425781, 0.044480741024017334, 156.58644723892212, 2903.855682849884
40, 0.6, -2.948474884033203, -2.7755935192108154, -2.9484903812408447, 0.0,-2.9324796199798584, 0.0, 96.58165001869202, 2983.7917873859406
40, 0.8, -2.948474884033203, -2.7755935192108154, -2.9483590126037598, 0.0,-2.925400495529175, 0.0, 100.99020648002625, 2980.249597787857
93, 0.4, -2.9097325801849365, -2.9119741916656494, -2.9097607135772705, 0.0,-2.8579092025756836, 0.0, 98.34899616241455, 2711.798342227936
41, 0.2, -5.159901142120361, -4.342650890350342, -5.159901142120361, 0.0,-5.148601531982422, 0.0, 93.38752937316895, 2985.048719406128
81, 0.8, -1.6700358390808105, -3.171649217605591, -1.6700358390808105, 0.0,-1.6114425659179688, 1.7881393432617188e-07, 98.32534885406494, 2765.5230021476746
48, 0.4, -5.348647117614746, -4.131738185882568, -5.348647117614746, 0.0,-5.270394802093506, 0.0, 104.08537101745605, 2936.5879039764404
48, 1.0, -5.348647117614746, -4.131738185882568, -5.348639965057373, 0.0,-5.130478382110596, 0.002613067626953125, 161.13895106315613, 2880.6199638843536
57, 0.2, -3.6290555000305176, -3.6213274002075195, -3.6290555000305176, 0.0,-3.625150442123413, 0.0, 91.56545639038086, 2660.8394360542297
41, 1.0, -5.159901142120361, -4.342650890350342, -5.159901142120361, 0.0,-5.05531120300293, 0.008574128150939941, 119.09341287612915, 2963.2008287906647
98, 1.0, -2.628873109817505, -2.541191577911377, -2.6288740634918213, 0.0,-2.5790693759918213, 0.0, 97.89324235916138, 2655.4297819137573
54, 0.2, -2.8091013431549072, -2.6459391117095947, -2.8091013431549072, 0.0,-2.8030717372894287, 0.0, 93.57202100753784, 2918.6709892749786
69, 1.0, -3.23709774017334, -3.2307939529418945, -3.2371714115142822, 0.0,-3.2247328758239746, 0.0, 112.9812970161438, 2856.3959205150604
95, 0.8, -4.3931145668029785, -3.6649322509765625, -4.393130302429199, 0.0,-4.3743977546691895, 0.0011450648307800293, 130.1074013710022, 2641.993673801422
69, 0.8, -3.23709774017334, -3.2307939529418945, -3.2371230125427246, 0.0,-3.1834778785705566, 0.0, 97.93160676956177, 2874.934252023697
76, 0.6, -3.279949426651001, -3.1098296642303467, -3.279949426651001, 0.0,-3.214327812194824, 5.960464477539063e-08, 97.14637422561646, 2838.6774847507477
40, 0.4, -2.948474884033203, -2.7755935192108154, -2.9484846591949463, 0.0,-2.938156843185425, 0.0, 96.18123722076416, 3001.5144414901733
35, 0.4, -2.2274320125579834, -2.609264612197876, -2.2274320125579834, 0.0,-2.129077434539795, 8.940696716308594e-08, 98.92300701141357, 2996.537006855011
33, 0.6, -3.870633840560913, -3.699176788330078, -3.870633602142334, 0.0,-3.8706719875335693, 0.5999820232391357, 91.46190476417542, 2973.6636292934418
98, 0.4, -2.628873109817505, -2.541191577911377, -2.628873109817505, 0.0,-2.607301712036133, 0.0, 93.39433312416077, 2672.9909517765045
49, 0.4, -2.684413433074951, -2.6484169960021973, -2.684413433074951, 0.0,-2.639742612838745, 0.0, 93.75279760360718, 2969.883920431137
91, 0.2, -4.558669090270996, -4.495965957641602, -4.558669090270996, 0.0,-4.543116569519043, 8.940696716308594e-08, 96.80116558074951, 2732.0139927864075
42, 0.6, -2.32981276512146, -2.181145429611206, -2.3299012184143066, 0.0,-2.2887110710144043, 0.0010828375816345215, 198.41509914398193, 2875.965827226639
44, 0.2, -3.298344373703003, -3.330371856689453, -3.298344373703003, 0.0,-3.249054193496704, 0.0, 121.7213568687439, 2936.5867393016815
35, 1.0, -2.2274320125579834, -2.609264612197876, -2.2278287410736084, 0.0,-2.0287976264953613, 0.0041351318359375, 111.01360869407654, 2991.754502773285
35, 0.6, -2.2274320125579834, -2.609264612197876, -2.2274320125579834, 0.0,-2.0447936058044434, 0.0, 106.54277849197388, 2997.6502199172974
48, 0.8, -5.348647117614746, -4.131738185882568, -5.348639488220215, 0.0,-5.13400936126709, 0.0015729069709777832, 186.41235375404358, 2882.13316988945
76, 0.8, -3.279949426651001, -3.1098296642303467, -3.279949426651001, 0.0,-3.2495205402374268, 0.6941868662834167, 105.44215226173401, 2850.3887248039246
70, 0.4, -3.7302916049957275, -3.9156432151794434, -3.730271100997925, 0.0,-3.717129945755005, 0.0, 100.26828193664551, 2867.615076303482
33, 0.4, -3.870633840560913, -3.699176788330078, -3.870633840560913, 0.0,-3.8705451488494873, 0.8104466199874878, 91.73097348213196, 2992.615119934082
64, 0.2, -2.570472478866577, -2.858718156814575, -2.570472478866577, 0.0,-2.5666840076446533, 1.4901161193847656e-08, 95.61906027793884, 2908.7983412742615
46, 0.4, -3.6313374042510986, -3.7310287952423096, -3.6313374042510986, 0.0,-3.5589497089385986, 0.0, 93.71525478363037, 2976.434191465378
40, 0.2, -2.948474884033203, -2.7755935192108154, -2.948474884033203, 0.0,-2.9433960914611816, 0.0, 95.13215112686157, 3033.0081725120544
49, 0.8, -2.684413433074951, -2.6484169960021973, -2.684403896331787, 0.0,-2.666800022125244, 0.738315999507904, 108.38491582870483, 2981.9485409259796
43, 1.0, -3.4062702655792236, -3.4107139110565186, -3.406438112258911, 0.0,-3.371027946472168, 9.429454803466797e-05, 124.52125954627991, 2993.940928697586
68, 0.4, -5.113473892211914, -4.438535690307617, -5.113473892211914, 0.0,-5.045314311981201, 0.0, 97.08292889595032, 2875.2006640434265
59, 0.6, -4.368574142456055, -4.2014875411987305, -4.368566036224365, 0.0,-4.368274211883545, 0.620959997177124, 91.12134385108948, 2943.82489156723
33, 1.0, -3.870633840560913, -3.699176788330078, -3.870636463165283, 0.0,-3.868842363357544, 0.0, 95.35840320587158, 3003.1367835998535
35, 0.2, -2.2274320125579834, -2.609264612197876, -2.2274320125579834, 0.0,-2.1937806606292725, 0.0, 96.69992971420288, 3033.3889746665955
59, 0.2, -4.368574142456055, -4.2014875411987305, -4.368574142456055, 0.0,-4.356169700622559, 0.0, 95.24248814582825, 2941.975380897522
68, 0.2, -5.113473892211914, -4.438535690307617, -5.113473892211914, 0.0,-5.083214282989502, 0.0, 95.61269164085388, 2884.71288728714
87, 0.2, -4.031261444091797, -3.982132911682129, -4.031261444091797, 0.0,-4.029043197631836, 0.0, 92.29293870925903, 2787.031419992447
33, 0.8, -3.870633840560913, -3.699176788330078, -3.8706350326538086, 0.0,-3.8704559803009033, 0.0, 91.98529481887817, 3018.145518541336
59, 1.0, -4.368574142456055, -4.2014875411987305, -4.368556976318359, 0.0,-4.282930850982666, 0.017929673194885254, 101.27796483039856, 2951.378354549408
46, 0.2, -3.6313374042510986, -3.7310287952423096, -3.6313374042510986, 0.0,-3.593508005142212, 1.4901161193847656e-08, 93.83388185501099, 3006.2283792495728
44, 0.4, -3.298344373703003, -3.330371856689453, -3.298344373703003, 0.0,-3.243424415588379, 0.03771147131919861, 122.86129474639893, 2986.207894563675
81, 1.0, -1.6700358390808105, -3.171649217605591, -1.6700358390808105, 0.0,-1.5999821424484253, 0.0, 97.01795840263367, 2830.800753593445
87, 0.4, -4.031261444091797, -3.982132911682129, -4.031261444091797, 0.0,-4.031036853790283, 0.0, 91.68519282341003, 2802.1070070266724
54, 0.8, -2.8091013431549072, -2.6459391117095947, -2.8092658519744873, 0.0,-2.787433624267578, 0.00026029348373413086, 96.156165599823, 3017.6805441379547
82, 0.4, -3.3760643005371094, -3.5094826221466064, -3.376063585281372, 0.0,-3.350444793701172, 1.4901161193847656e-07, 94.9905571937561, 2850.9585077762604
69, 0.2, -3.23709774017334, -3.2307939529418945, -3.23709774017334, 0.0,-3.2287538051605225, 0.0, 93.6056137084961, 2913.736590385437
79, 0.2, -3.123046636581421, -3.0568392276763916, -3.123046636581421, 0.0,-3.1195569038391113, 1.341104507446289e-07, 93.99125456809998, 2894.6127774715424
94, 1.0, -3.7426252365112305, -4.002300262451172, -3.7426609992980957, 0.0,-3.633312463760376, 0.0, 106.43699193000793, 2787.819721698761
36, 0.8, -3.7859554290771484, -3.6271989345550537, -3.785944700241089, 0.0,-3.1097488403320312, 0.0, 179.87635016441345, 2964.4378530979156
76, 1.0, -3.279949426651001, -3.1098296642303467, -3.279949426651001, 0.0,-3.19749116897583, 0.0, 99.02826452255249, 2901.5660152435303
33, 0.2, -3.870633840560913, -3.699176788330078, -3.870633840560913, 0.0,-3.8673207759857178, 0.0, 94.66986179351807, 3042.2018299102783
36, 1.0, -3.7859554290771484, -3.6271989345550537, -3.7859554290771484, 0.0,-3.108003854751587, 0.0, 174.87862038612366, 2971.611764192581
54, 0.6, -2.8091013431549072, -2.6459391117095947, -2.809239149093628, 0.0,-2.792220115661621, 1.1920928955078125e-07, 95.02802109718323, 3032.543930053711
64, 0.4, -2.570472478866577, -2.858718156814575, -2.570472478866577, 0.0,-2.562544345855713, 8.940696716308594e-08, 97.41917061805725, 2965.6521792411804
36, 0.4, -3.7859554290771484, -3.6271989345550537, -3.7859554290771484, 0.0,-3.111841917037964, 0.004037380218505859, 132.8211760520935, 3022.626243829727
59, 0.8, -4.368574142456055, -4.2014875411987305, -4.368574142456055, 0.0,-4.281273365020752, 0.008520364761352539, 113.26169037818909, 2970.4679419994354
90, 0.4, -3.3533775806427, -3.2431626319885254, -3.3533775806427, 0.0,-3.3330953121185303, 0.0, 91.25527596473694, 2812.455057144165
69, 0.6, -3.23709774017334, -3.2307939529418945, -3.2371408939361572, 0.0,-3.2030177116394043, 0.0, 96.13873624801636, 2932.4592785835266
90, 0.6, -3.3533775806427, -3.2431626319885254, -3.353600263595581, 0.0,-3.3252525329589844, 0.0, 91.85585618019104, 2823.2496135234833
59, 0.4, -4.368574142456055, -4.2014875411987305, -4.368574142456055, 0.0,-4.337881088256836, 2.9802322387695312e-08, 96.47975587844849, 2999.7710070610046
72, 0.4, -3.1541531085968018, -3.0826451778411865, -3.1541531085968018, 0.0,-3.1425325870513916, 2.9802322387695312e-08, 93.8834297657013, 2941.4809238910675
90, 0.2, -3.3533775806427, -3.2431626319885254, -3.353464126586914, 0.0,-3.341569662094116, 1.043081283569336e-07, 91.11118865013123, 2826.233325242996
69, 0.4, -3.23709774017334, -3.2307939529418945, -3.23709774017334, 0.0,-3.2175095081329346, 0.0, 95.91151475906372, 2946.164379835129
56, 0.6, -3.4676990509033203, -3.6220505237579346, -3.4676990509033203, 0.0,-3.4081125259399414, 0.0, 122.910649061203, 3016.785628080368
68, 0.8, -5.113473892211914, -4.438535690307617, -5.113473892211914, 0.0,-5.092031002044678, 0.0, 146.01585507392883, 2895.883092403412
94, 0.2, -3.7426252365112305, -4.002300262451172, -3.7426512241363525, 0.0,-3.7315235137939453, 1.4901161193847656e-08, 94.36009168624878, 2836.408928155899
53, 0.2, -3.756157398223877, -3.9525258541107178, -3.7561635971069336, 0.0,-3.746626377105713, 0.0, 95.42041015625, 3039.0016202926636
90, 0.8, -3.3533775806427, -3.2431626319885254, -3.3533730506896973, 0.0,-3.317554235458374, 1.7881393432617188e-07, 92.87408566474915, 2839.551471233368
88, 1.0, -3.753092050552368, -3.7211644649505615, -3.753092050552368, 0.0,-3.714991331100464, 0.0, 100.10030126571655, 2839.2306950092316
78, 0.2, -4.6058878898620605, -4.340448379516602, -4.605886459350586, 0.0,-4.547061920166016, 0.0, 95.58046460151672, 2902.3756012916565
65, 1.0, -4.832228183746338, -4.682443141937256, -4.832228183746338, 0.0,-4.698899745941162, 0.0, 97.80890393257141, 3000.969952583313
36, 0.6, -3.7859554290771484, -3.6271989345550537, -3.7859554290771484, 0.0,-3.1084163188934326, 0.0, 134.1254541873932, 3057.646151304245
78, 0.6, -4.6058878898620605, -4.340448379516602, -4.6058878898620605, 0.0,-4.4950385093688965, 0.0, 111.21986126899719, 2895.4188992977142
52, 0.6, -3.4650325775146484, -2.6905109882354736, -3.4650325775146484, 0.0,-3.0749781131744385, 1.1920928955078125e-07, 115.29880118370056, 3013.099979162216
78, 0.4, -4.6058878898620605, -4.340448379516602, -4.605886936187744, 0.0,-4.5603437423706055, 0.0, 112.56168389320374, 2914.214921236038
53, 0.4, -3.756157398223877, -3.9525258541107178, -3.7561662197113037, 0.0,-3.7350804805755615, 2.9802322387695312e-08, 97.92311477661133, 3073.2944662570953
38, 0.6, -2.6961722373962402, -2.901458740234375, -2.6961722373962402, 0.0,-2.5803356170654297, 0.0027190446853637695, 173.72047591209412, 3047.4367406368256
74, 0.6, -3.1788928508758545, -3.2091310024261475, -3.17930006980896, 0.0,-3.131646156311035, 0.0, 96.99700450897217, 2991.1755282878876
80, 0.8, -2.558966636657715, -2.4517571926116943, -2.558960437774658, 0.0,-2.5259275436401367, 0.0002872943878173828, 146.77049255371094, 2926.1023490428925
72, 0.6, -3.1541531085968018, -3.0826451778411865, -3.1541552543640137, 0.0,-3.1354756355285645, 0.0, 96.02250075340271, 2994.6334137916565
74, 1.0, -3.1788928508758545, -3.2091310024261475, -3.1796798706054688, 0.0,-3.0719964504241943, 0.0, 97.88664484024048, 2993.221300840378
94, 0.4, -3.7426252365112305, -4.002300262451172, -3.7426536083221436, 0.0,-3.7180516719818115, 5.960464477539063e-08, 97.74550533294678, 2883.0291681289673
65, 0.8, -4.832228183746338, -4.682443141937256, -4.832584381103516, 0.0,-4.717766761779785, 0.0, 97.25491237640381, 3042.496815443039
52, 0.4, -3.4650325775146484, -2.6905109882354736, -3.465053081512451, 0.0,-3.284959316253662, 0.0, 110.28942441940308, 3053.0968294143677
92, 0.8, -3.578749418258667, -3.5186069011688232, -3.578749418258667, 0.0,-3.4833414554595947, 5.960464477539063e-08, 97.35254287719727, 2895.7718324661255
52, 0.2, -3.4650325775146484, -2.6905109882354736, -3.465047597885132, 0.0,-3.419375419616699, 0.0, 96.3038420677185, 3073.0373611450195
77, 0.2, -4.460437774658203, -4.229762077331543, -4.460437774658203, 0.0,-4.437895774841309, 2.2351741790771484e-07, 95.57535123825073, 2995.7012197971344
78, 0.8, -4.6058878898620605, -4.340448379516602, -4.605886459350586, 0.0,-4.481161594390869, 0.00704878568649292, 138.5397446155548, 2916.5848383903503
92, 0.4, -3.578749418258667, -3.5186069011688232, -3.578749418258667, 0.0,-3.5448479652404785, 0.0, 94.66780924797058, 2903.2482006549835
74, 0.8, -3.1788928508758545, -3.2091310024261475, -3.1794190406799316, 0.0,-3.105137825012207, 1.7881393432617188e-07, 97.32705903053284, 3017.8756823539734
56, 0.8, -3.4676990509033203, -3.6220505237579346, -3.4676990509033203, 0.0,-3.3989593982696533, 0.0, 146.67957139015198, 3071.5121450424194
63, 0.2, -3.091111660003662, -3.0766196250915527, -3.091111660003662, 0.0,-3.060330629348755, 5.960464477539062e-07, 94.47305655479431, 3071.617786884308
38, 0.8, -2.6961722373962402, -2.901458740234375, -2.6961004734039307, 0.0,-2.5531978607177734, 0.0, 178.44381999969482, 3077.914523601532
77, 0.4, -4.460437774658203, -4.229762077331543, -4.460437774658203, 0.0,-4.405890464782715, 0.0, 98.61808228492737, 3007.260854959488
94, 0.8, -3.7426252365112305, -4.002300262451172, -3.7426586151123047, 0.0,-3.6589760780334473, 0.0, 110.73098087310791, 2895.9094433784485
92, 0.2, -3.578749418258667, -3.5186069011688232, -3.578749418258667, 0.0,-3.5638785362243652, 1.4901161193847656e-08, 92.88851928710938, 2925.0391891002655
95, 0.4, -4.3931145668029785, -3.6649322509765625, -4.3931145668029785, 0.0,-4.383098602294922, 0.0, 133.5749249458313, 2840.7012555599213
38, 0.4, -2.6961722373962402, -2.901458740234375, -2.6961212158203125, 0.0,-2.598756790161133, 0.0, 166.9610321521759, 3100.796574115753
63, 0.4, -3.091111660003662, -3.0766196250915527, -3.0911128520965576, 0.0,-3.0209367275238037, 8.940696716308594e-08, 98.4120945930481, 3083.850442171097
82, 0.8, -3.3760643005371094, -3.5094826221466064, -3.3760762214660645, 0.0,-3.3684916496276855, 0.0, 104.57736468315125, 2976.3412058353424
85, 1.0, -5.274597644805908, -5.280384063720703, -5.274597644805908, 0.0,-4.902764797210693, 0.0, 135.86136198043823, 2923.9428849220276
90, 1.0, -3.3533775806427, -3.2431626319885254, -3.3537371158599854, 0.0,-3.310832977294922, 0.0, 97.50366258621216, 2935.4120376110077
52, 1.0, -3.4650325775146484, -2.6905109882354736, -3.4650325775146484, 0.0,-2.671443223953247, 0.0, 169.3485016822815, 3031.956110715866
38, 1.0, -2.6961722373962402, -2.901458740234375, -2.6958398818969727, 0.0,-2.5277154445648193, 0.0, 195.61405158042908, 3084.8140926361084
92, 0.6, -3.578749418258667, -3.5186069011688232, -3.578749418258667, 0.0,-3.5197365283966064, 0.0, 97.66550064086914, 2935.160681247711
31, 1.0, -2.429762840270996, -2.1357669830322266, -2.4297783374786377, 0.0,-2.411081314086914, 0.5683610439300537, 134.65727639198303, 3146.9922511577606
74, 0.2, -3.1788928508758545, -3.2091310024261475, -3.1788928508758545, 0.0,-3.1675925254821777, 1.6391277313232422e-07, 94.36791396141052, 3063.7052047252655
60, 0.2, -2.7445428371429443, -2.923308849334717, -2.7445428371429443, 0.0,-2.6948025226593018, 0.0, 95.14139676094055, 2974.478905916214
36, 0.2, -3.7859554290771484, -3.6271989345550537, -3.7859554290771484, 0.0,-3.7227909564971924, 0.0, 296.9498746395111, 2995.5467936992645
93, 0.2, -2.9097325801849365, -2.9119741916656494, -2.9097325801849365, 0.0,-2.887888193130493, 0.0, 94.50473189353943, 2945.9017989635468
61, 0.2, -4.222306728363037, -3.9554030895233154, -4.222306728363037, 0.0,-4.198755264282227, 0.0, 99.75552201271057, 3097.2870366573334
31, 0.6, -2.429762840270996, -2.1357669830322266, -2.429771900177002, 0.0,-2.389166831970215, 1.7881393432617188e-07, 103.02078008651733, 3192.1875896453857
98, 0.8, -2.628873109817505, -2.541191577911377, -2.6288740634918213, 0.0,-2.588593006134033, 0.0, 97.11888432502747, 2935.809080839157
60, 0.4, -2.7445428371429443, -2.923308849334717, -2.745197296142578, 0.0,-2.614180326461792, 0.0, 102.46232318878174, 2981.3356943130493
52, 0.8, -3.4650325775146484, -2.6905109882354736, -3.4650325775146484, 0.0,-2.7522640228271484, 0.011126399040222168, 180.23860478401184, 3053.687132835388
60, 0.6, -2.7445428371429443, -2.923308849334717, -2.745288372039795, 0.0,-2.4800026416778564, 0.0, 104.09552502632141, 2987.103749036789
77, 1.0, -4.460437774658203, -4.229762077331543, -4.460444450378418, 0.0,-4.3118391036987305, 0.014576077461242676, 411.5233082771301, 2732.71307516098
85, 0.2, -5.274597644805908, -5.280384063720703, -5.274597644805908, 0.0,-5.184150218963623, 0.0, 95.2007384300232, 2994.102648973465
77, 0.8, -4.460437774658203, -4.229762077331543, -4.460437774658203, 0.0,-4.3568196296691895, 0.01547849178314209, 413.41536140441895, 2732.7438950538635
87, 1.0, -4.031261444091797, -3.982132911682129, -4.031261444091797, 0.0,-4.027765274047852, 0.0, 93.79978036880493, 2991.3806476593018
88, 0.6, -3.753092050552368, -3.7211644649505615, -3.753092050552368, 0.0,-3.7376532554626465, 0.0, 101.91758489608765, 2984.4228353500366
31, 0.8, -2.429762840270996, -2.1357669830322266, -2.429774761199951, 0.0,-2.370169162750244, 0.0, 140.56859636306763, 3195.41215634346
61, 0.4, -4.222306728363037, -3.9554030895233154, -4.222400665283203, 0.0,-4.155737400054932, 0.0, 99.2975332736969, 3142.1289184093475
87, 0.8, -4.031261444091797, -3.982132911682129, -4.031261444091797, 0.0,-4.024799346923828, 0.0031608939170837402, 93.80029106140137, 3002.6199231147766
88, 0.4, -3.753092050552368, -3.7211644649505615, -3.753092050552368, 0.0,-3.7433838844299316, 0.0, 94.95284152030945, 2997.870040655136
88, 0.8, -3.753092050552368, -3.7211644649505615, -3.753092050552368, 0.0,-3.7276623249053955, 5.960464477539063e-08, 101.00617718696594, 2997.466009616852
91, 0.4, -4.558669090270996, -4.495965957641602, -4.558669090270996, 0.0,-4.51900577545166, 0.0, 99.59375739097595, 3000.0940754413605
57, 0.4, -3.6290555000305176, -3.6213274002075195, -3.629051685333252, 0.0,-3.621366024017334, 0.0, 94.82871532440186, 2971.244580745697
82, 1.0, -3.3760643005371094, -3.5094826221466064, -3.376082420349121, 0.0,-3.284499168395996, 0.0, 101.65809965133667, 3057.0591113567352
44, 0.8, -3.298344373703003, -3.330371856689453, -3.2985405921936035, 0.0,-3.2297589778900146, 0.005173087120056152, 135.43837594985962, 3205.030582666397
42, 1.0, -2.32981276512146, -2.181145429611206, -2.33007550239563, 0.0,-2.2270004749298096, 0.0, 632.1565461158752, 2743.3092300891876
88, 0.2, -3.753092050552368, -3.7211644649505615, -3.753092050552368, 0.0,-3.746433973312378, 0.0036783069372177124, 94.00609087944031, 3016.9826533794403
85, 0.8, -5.274597644805908, -5.280384063720703, -5.274597644805908, 0.0,-4.948660850524902, 0.0, 144.21160554885864, 2985.6746859550476
91, 0.6, -4.558669090270996, -4.495965957641602, -4.558666706085205, 0.0,-4.557872772216797, 0.5998662710189819, 93.41602611541748, 3023.54265332222
87, 0.6, -4.031261444091797, -3.982132911682129, -4.031261444091797, 0.0,-4.031283855438232, 0.6439802646636963, 92.23744249343872, 3034.6294555664062
85, 0.6, -5.274597644805908, -5.280384063720703, -5.274597644805908, 0.0,-5.058048725128174, 0.0, 97.88179993629456, 3045.794864177704
85, 0.4, -5.274597644805908, -5.280384063720703, -5.274597644805908, 0.0,-5.115535736083984, 0.0, 98.45032787322998, 3045.3390080928802
91, 1.0, -4.558669090270996, -4.495965957641602, -4.558646202087402, 0.0,-4.436825275421143, 0.014545559883117676, 140.3178689479828, 3000.0943088531494
44, 0.6, -3.298344373703003, -3.330371856689453, -3.298344373703003, 0.0,-3.2364883422851562, 0.013009905815124512, 139.48409938812256, 3244.9025909900665
91, 0.8, -4.558669090270996, -4.495965957641602, -4.558652400970459, 0.0,-4.5470685958862305, 0.6217346787452698, 134.27560806274414, 3014.118535041809
81, 0.4, -1.6700358390808105, -3.171649217605591, -1.6700291633605957, 0.0,-1.6368070840835571, 0.0010422170162200928, 95.11893486976624, 3157.2087235450745
96, 1.0, -2.977295160293579, -3.367204189300537, -2.9773097038269043, 0.0,-2.8270692825317383, 0.0, 198.95077753067017, 2965.7221159934998
86, 0.6, -3.5085248947143555, -3.527341604232788, -3.5085248947143555, 0.0,-3.434988498687744, 0.005706429481506348, 173.13213324546814, 3058.36536192894
77, 0.6, -4.460437774658203, -4.229762077331543, -4.460437774658203, 0.0,-4.386036396026611, 0.0, 394.5080990791321, 2890.163835287094
84, 0.8, -3.9928970336914062, -3.821514129638672, -3.9928975105285645, 0.0,-3.970039129257202, 0.0, 102.49479866027832, 3144.15172791481
48, 0.2, -5.348647117614746, -4.131738185882568, -5.348647117614746, 0.0,-5.321319103240967, 0.0, 102.47559142112732, 3302.679836988449
86, 0.8, -3.5085248947143555, -3.527341604232788, -3.508497953414917, 0.0,-3.4034483432769775, 0.0, 192.695378780365, 3065.370183467865
86, 1.0, -3.5085248947143555, -3.527341604232788, -3.5085248947143555, 0.0,-3.394989013671875, 0.0032352209091186523, 148.4516532421112, 3112.5955498218536
98, 0.2, -2.628873109817505, -2.541191577911377, -2.628873109817505, 0.0,-2.6168603897094727, 1.4901161193847656e-08, 94.9168963432312, 3099.41029047966
61, 0.8, -4.222306728363037, -3.9554030895233154, -4.222443580627441, 0.0,-4.037193775177002, 0.0, 316.9851357936859, 3089.3403515815735
61, 0.6, -4.222306728363037, -3.9554030895233154, -4.222403526306152, 0.0,-4.136989593505859, 0.016223669052124023, 300.07562017440796, 3112.246600151062
96, 0.6, -2.977295160293579, -3.367204189300537, -2.977304697036743, 0.0,-2.844245195388794, 0.0, 162.44731187820435, 2986.232033967972
96, 0.8, -2.977295160293579, -3.367204189300537, -2.9773075580596924, 0.0,-2.8433778285980225, 0.0, 227.2692198753357, 2997.8579540252686
61, 1.0, -4.222306728363037, -3.9554030895233154, -4.222456932067871, 0.0,-4.006495475769043, 0.015187501907348633, 427.804053068161, 3141.9603209495544
96, 0.4, -2.977295160293579, -3.367204189300537, -2.977295160293579, 0.0,-2.8606698513031006, 0.0, 297.85532784461975, 3007.8483827114105
31, 0.2, -2.429762840270996, -2.1357669830322266, -2.429762840270996, 0.0,-2.416627883911133, 2.9802322387695312e-08, 106.29306197166443, 3600.516423225403
31, 0.4, -2.429762840270996, -2.1357669830322266, -2.4297685623168945, 0.0,-2.4054534435272217, 8.940696716308594e-08, 109.18133687973022, 3673.000895500183
100, 0.4, -6.119792461395264, -5.949329376220703, -6.119792461395264, 0.0,-4.748218059539795, 0.1363835632801056, 710.8026647567749, 2944.145716190338
96, 0.2, -2.977295160293579, -3.367204189300537, -2.977295160293579, 0.0,-2.9295413494110107, 0.0006007850170135498, 751.9546256065369, 3153.407916545868
34, 0.6, -2.8936362266540527, -3.162105083465576, -2.8929617404937744, 0.0,-1.9220671653747559, 0.0, 177.10174798965454, 4150.112042188644
72, 1.0, -3.1541531085968018, -3.0826451778411865, -3.1541547775268555, 0.0,-3.112250328063965, 2.384185791015625e-07, 127.93548703193665, 4157.2456703186035
40, 1.0, -2.948474884033203, -2.7755935192108154, -2.948389768600464, 0.0,-2.941133975982666, 0.0, 145.82200956344604, 4305.852860450745
84, 1.0, -3.9928970336914062, -3.821514129638672, -3.9928972721099854, 0.0,-3.9962158203125, 0.0, 142.50744557380676, 4118.80234837532
38, 0.2, -2.6961722373962402, -2.901458740234375, -2.696173667907715, 0.0,-2.6161444187164307, 0.0, 180.1879415512085, 4308.544579744339
51, 0.6, -5.753080368041992, -5.754772663116455, -5.753080368041992, 0.0,-5.751891613006592, 0.6007819175720215, 120.3481662273407, 4310.071728467941
32, 0.6, -4.821239471435547, -4.389590740203857, -4.821239471435547, 0.0,-4.8205366134643555, 0.6095776557922363, 121.20424246788025, 4383.587442398071
49, 1.0, -2.684413433074951, -2.6484169960021973, -2.68440318107605, 0.0,-2.644291639328003, 0.0, 144.99085903167725, 4339.303995370865
68, 1.0, -5.113473892211914, -4.438535690307617, -5.113475799560547, 0.0,-5.062215328216553, 0.6804418563842773, 203.37378978729248, 4212.615893602371
51, 1.0, -5.753080368041992, -5.754772663116455, -5.753080368041992, 0.0,-5.429961204528809, 0.0, 148.27880573272705, 4362.587189674377
70, 0.6, -3.7302916049957275, -3.9156432151794434, -3.730278730392456, 0.0,-3.7300124168395996, 0.5999915599822998, 125.01899242401123, 4366.126032590866
51, 0.8, -5.753080368041992, -5.754772663116455, -5.753080368041992, 0.0,-5.551595687866211, 5.960464477539063e-08, 150.97005796432495, 4393.233591794968
79, 0.8, -3.123046636581421, -3.0568392276763916, -3.123046636581421, 0.0,-3.11738920211792, 0.0, 121.72166466712952, 4314.600148677826
47, 0.2, -2.89235782623291, -2.725260019302368, -2.89235782623291, 0.0,-2.8872897624969482, 0.0, 137.9436514377594, 4469.8317675590515
56, 0.4, -3.4676990509033203, -3.6220505237579346, -3.4676990509033203, 0.0,-3.4366281032562256, 8.940696716308594e-08, 133.15745997428894, 4463.2896320819855
56, 0.2, -3.4676990509033203, -3.6220505237579346, -3.4676990509033203, 0.0,-3.4549009799957275, 2.086162567138672e-07, 128.00473809242249, 4228.940956830978
76, 0.4, -3.279949426651001, -3.1098296642303467, -3.279949426651001, 0.0,-3.230919361114502, 0.0, 125.97077107429504, 4373.48378610611
79, 0.6, -3.123046636581421, -3.0568392276763916, -3.123046636581421, 0.0,-3.1219327449798584, 0.5892413854598999, 119.53951001167297, 4354.653265714645
39, 0.8, -2.485116958618164, -3.0222718715667725, -2.485038995742798, 0.0,-2.426555633544922, 2.384185791015625e-07, 132.74452686309814, 4521.572377681732
34, 0.4, -2.8936362266540527, -3.162105083465576, -2.893630027770996, 0.0,-2.096069097518921, 0.0, 142.6187720298767, 4513.088441133499
39, 1.0, -2.485116958618164, -3.0222718715667725, -2.485032558441162, 0.0,-2.4661781787872314, 0.0, 161.2238233089447, 4500.581996917725
79, 0.4, -3.123046636581421, -3.0568392276763916, -3.123047113418579, 0.0,-3.1161365509033203, 8.940696716308594e-08, 122.21493291854858, 4371.7053508758545
58, 0.8, -4.237525939941406, -3.926474094390869, -4.237525939941406, 0.0,-4.118693828582764, 0.0, 145.8833920955658, 4462.92253947258
71, 1.0, -2.601872205734253, -3.0930469036102295, -2.6018850803375244, 0.0,-2.5205602645874023, 0.0, 153.2128553390503, 4358.341756820679
89, 0.6, -4.524235725402832, -4.203615188598633, -4.524235725402832, 0.0,-4.5239362716674805, 0.5999792814254761, 119.15769243240356, 4321.233102798462
34, 0.2, -2.8936362266540527, -3.162105083465576, -2.8936362266540527, 0.0,-2.573821544647217, 3.725290298461914e-07, 154.210764169693, 4517.421503067017
89, 0.8, -4.524235725402832, -4.203615188598633, -4.524235725402832, 0.0,-4.487426280975342, 0.0, 130.53015780448914, 4324.3148810863495
100, 1.0, -6.119792461395264, -5.949329376220703, -6.119792461395264, 0.0,-4.7081217765808105, 0.0, 208.59082436561584, 4161.777591228485
57, 0.8, -3.6290555000305176, -3.6213274002075195, -3.6290555000305176, 0.0,-3.6148746013641357, 0.00030165910720825195, 124.75929141044617, 4533.02342581749
57, 0.6, -3.6290555000305176, -3.6213274002075195, -3.6290555000305176, 0.0,-3.6177735328674316, 0.0, 124.56435942649841, 4533.769698381424
76, 0.2, -3.279949426651001, -3.1098296642303467, -3.279949426651001, 0.0,-3.2483937740325928, 0.0, 125.99766254425049, 4435.36329126358
57, 1.0, -3.6290555000305176, -3.6213274002075195, -3.6290555000305176, 0.0,-3.611720323562622, 1.1920928955078125e-07, 127.30032801628113, 4537.846257448196
89, 1.0, -4.524235725402832, -4.203615188598633, -4.524235725402832, 0.0,-4.4745283126831055, 1.1920928955078125e-07, 131.9485626220703, 4344.977792739868
86, 0.2, -3.5085248947143555, -3.527341604232788, -3.5085248947143555, 0.0,-3.4910941123962402, 0.0, 126.26242542266846, 4345.243877410889
51, 0.2, -5.753080368041992, -5.754772663116455, -5.753080368041992, 0.0,-5.725216388702393, 2.9802322387695312e-08, 127.78627371788025, 4551.41340303421
71, 0.8, -2.601872205734253, -3.0930469036102295, -2.6018826961517334, 0.0,-2.587280035018921, 0.7622122168540955, 174.19634008407593, 4381.283312320709
51, 0.4, -5.753080368041992, -5.754772663116455, -5.753080368041992, 0.0,-5.6884050369262695, 2.9802322387695312e-08, 133.49438428878784, 4568.8333332538605
32, 0.8, -4.821239471435547, -4.389590740203857, -4.821239471435547, 0.0,-4.807919979095459, 0.6109079718589783, 339.4513347148895, 4421.322641372681
42, 0.8, -2.32981276512146, -2.181145429611206, -2.329936981201172, 0.0,-2.2820684909820557, 0.7372921109199524, 184.33956289291382, 4585.932553052902
97, 0.4, -3.484832525253296, -3.486531972885132, -3.484832525253296, 0.0,-3.4536516666412354, 0.0, 122.89913392066956, 4383.300728797913
64, 1.0, -2.570472478866577, -2.858718156814575, -2.5704734325408936, 0.0,-2.549057960510254, 0.13435852527618408, 136.45485305786133, 4564.121164321899
63, 0.6, -3.091111660003662, -3.0766196250915527, -3.0911142826080322, 0.0,-2.9649300575256348, 1.1920928955078125e-07, 132.60813879966736, 4579.922913789749
97, 0.6, -3.484832525253296, -3.486531972885132, -3.484832525253296, 0.0,-3.4831058979034424, 0.0, 125.13680911064148, 4413.512887477875
58, 0.2, -4.237525939941406, -3.926474094390869, -4.237525939941406, 0.0,-4.213893413543701, 1.4901161193847656e-08, 128.22081637382507, 4612.8135623931885
71, 0.4, -2.601872205734253, -3.0930469036102295, -2.601872205734253, 0.0,-2.557687282562256, 0.0, 129.02559447288513, 4559.203759431839
58, 1.0, -4.237525939941406, -3.926474094390869, -4.237525939941406, 0.0,-4.089174270629883, 0.0, 268.4487142562866, 4487.533336639404
82, 0.2, -3.3760643005371094, -3.5094826221466064, -3.3760643005371094, 0.0,-3.364650249481201, 5.960464477539063e-08, 127.69005751609802, 4508.389388561249
58, 0.6, -4.237525939941406, -3.926474094390869, -4.237525939941406, 0.0,-4.164046287536621, 0.0, 146.75579261779785, 4615.129004955292
58, 0.4, -4.237525939941406, -3.926474094390869, -4.237525939941406, 0.0,-4.1942267417907715, 0.0027706921100616455, 154.9531102180481, 4610.2614896297455
74, 0.4, -3.1788928508758545, -3.2091310024261475, -3.1788928508758545, 0.0,-3.151907444000244, 5.960464477539063e-08, 124.30187654495239, 4577.547563552856
71, 0.2, -2.601872205734253, -3.0930469036102295, -2.601872205734253, 0.0,-2.5792126655578613, 0.0, 127.1471815109253, 4580.5296268463135
72, 0.8, -3.1541531085968018, -3.0826451778411865, -3.1541547775268555, 0.0,-3.1251533031463623, 5.960464477539063e-08, 130.6715226173401, 4621.7935700416565
60, 0.8, -2.7445428371429443, -2.923308849334717, -2.74537992477417, 0.0,-2.2733664512634277, 0.0, 159.17291569709778, 4588.387217998505
56, 1.0, -3.4676990509033203, -3.6220505237579346, -3.4676990509033203, 0.0,-3.387223958969116, 0.00924527645111084, 230.34074711799622, 4587.561083316803
32, 1.0, -4.821239471435547, -4.389590740203857, -4.821232795715332, 0.0,-4.746068954467773, 0.0, 475.5866947174072, 4417.701084136963
84, 0.4, -3.9928970336914062, -3.821514129638672, -3.9928970336914062, 0.0,-3.9928627014160156, 0.0, 127.09147214889526, 4550.152695655823
81, 0.6, -1.6700358390808105, -3.171649217605591, -1.6700358390808105, 0.0,-1.6228331327438354, 5.960464477539063e-08, 127.86772012710571, 4585.835163831711
63, 1.0, -3.091111660003662, -3.0766196250915527, -3.0911128520965576, 0.0,-2.8581950664520264, 0.0, 157.61841678619385, 4641.679687261581
84, 0.6, -3.9928970336914062, -3.821514129638672, -4.007174015045166, 0.0,-4.006958961486816, 0.6000133752822876, 122.76801466941833, 4573.082768678665
70, 0.8, -3.7302916049957275, -3.9156432151794434, -3.7302775382995605, 0.0,-3.700249433517456, 0.0, 142.76937198638916, 4655.284670829773
95, 0.2, -4.3931145668029785, -3.6649322509765625, -4.3931145668029785, 0.0,-4.389450550079346, 0.4263920187950134, 167.65881776809692, 4482.725078344345
89, 0.4, -4.524235725402832, -4.203615188598633, -4.524235725402832, 0.0,-4.508371829986572, 5.960464477539063e-08, 129.94411516189575, 4544.003155946732
98, 0.6, -2.628873109817505, -2.541191577911377, -2.628873825073242, 0.0,-2.597916841506958, 0.0, 127.45688462257385, 4523.673037528992
63, 0.8, -3.091111660003662, -3.0766196250915527, -3.091115951538086, 0.0,-2.895010232925415, 0.0, 211.74811673164368, 4625.562938213348
82, 0.6, -3.3760643005371094, -3.5094826221466064, -3.3760673999786377, 0.0,-3.3331408500671387, 0.0, 129.68130731582642, 4614.1477336883545
86, 0.4, -3.5085248947143555, -3.527341604232788, -3.5085010528564453, 0.0,-3.468367338180542, 0.001002281904220581, 205.0162570476532, 4517.400465488434
80, 0.2, -2.558966636657715, -2.4517571926116943, -2.558966636657715, 0.0,-2.5499026775360107, 3.7848949432373047e-06, 136.4041292667389, 4617.963092327118
71, 0.6, -2.601872205734253, -3.0930469036102295, -2.601872205734253, 0.0,-2.540618419647217, 0.0055228471755981445, 216.2953610420227, 4600.047276735306
70, 1.0, -3.7302916049957275, -3.9156432151794434, -3.7302756309509277, 0.0,-3.6965839862823486, 0.009254932403564453, 154.16365694999695, 4702.068439006805
89, 0.2, -4.524235725402832, -4.203615188598633, -4.524235725402832, 0.0,-4.5171709060668945, 0.0, 127.12333703041077, 4594.977287530899
97, 0.8, -3.484832525253296, -3.486531972885132, -3.484861135482788, 0.0,-3.4111926555633545, 0.0, 126.65644979476929, 4576.797743797302
80, 0.4, -2.558966636657715, -2.4517571926116943, -2.558966636657715, 0.0,-2.5386180877685547, 0.0, 155.38361978530884, 4632.403136014938
97, 1.0, -3.484832525253296, -3.486531972885132, -3.4848737716674805, 0.0,-3.40879487991333, 1.2130963802337646, 156.79270362854004, 4553.180588006973
78, 1.0, -4.6058878898620605, -4.340448379516602, -4.6058878898620605, 0.0,-4.4736409187316895, 0.0, 282.7135708332062, 4542.258772134781
60, 1.0, -2.7445428371429443, -2.923308849334717, -2.745471715927124, 0.0,-1.9959375858306885, 0.0, 253.0184781551361, 4615.66116476059
45, 0.8, -4.306341171264648, -4.2269439697265625, -4.3063483238220215, 0.0,-4.1582350730896, 0.0, 345.97978138923645, 4656.338480234146
99, 0.2, -4.296900749206543, -3.95475697517395, -4.296900749206543, 0.0,-4.283332824707031, 0.0028484463691711426, 135.31550669670105, 4521.9881110191345
99, 0.4, -4.296900749206543, -3.95475697517395, -4.296840190887451, 0.0,-4.274960041046143, 0.006220757961273193, 136.19286561012268, 4540.206833362579
99, 0.6, -4.296900749206543, -3.95475697517395, -4.296821594238281, 0.0,-4.266521453857422, 0.0, 134.43397068977356, 4545.0497097969055
100, 0.2, -6.119792461395264, -5.949329376220703, -6.119792461395264, 0.0,-6.042545318603516, 0.0, 460.42011857032776, 4372.695619106293
80, 0.6, -2.558966636657715, -2.4517571926116943, -2.5589613914489746, 0.0,-2.534768581390381, 0.0, 158.28456330299377, 4936.957674264908
50, 0.4, -3.972456693649292, -3.6941728591918945, -3.9724576473236084, 0.0,-3.860663890838623, 0.0, 137.8454396724701, 5131.192141294479
50, 0.6, -3.972456693649292, -3.6941728591918945, -3.9724597930908203, 0.0,-3.7412970066070557, 0.0, 142.01896977424622, 5139.783453702927
45, 1.0, -4.306341171264648, -4.2269439697265625, -4.30634880065918, 0.0,-4.129849433898926, 0.0, 640.5716638565063, 4681.336721420288
80, 1.0, -2.558966636657715, -2.4517571926116943, -2.5589728355407715, 0.0,-2.52079439163208, 0.0003083944320678711, 218.4442732334137, 4964.562445640564
100, 0.6, -6.119792461395264, -5.949329376220703, -6.119792461395264, 0.0,-4.719380855560303, 0.0, 214.416437625885, 4862.1598172187805
100, 0.8, -6.119792461395264, -5.949329376220703, -6.119792461395264, 0.0,-4.718832969665527, 0.013789176940917969, 252.54525446891785, 4866.285827875137
99, 1.0, -4.296900749206543, -3.95475697517395, -4.296682834625244, 0.0,-4.252481937408447, 0.0, 141.680602312088, 4959.359938621521
99, 0.8, -4.296900749206543, -3.95475697517395, -4.296744346618652, 0.0,-4.2593183517456055, 0.0021221041679382324, 139.8838758468628, 4981.662296533585
75, 0.2, -3.6890804767608643, -3.3408000469207764, -3.6891086101531982, 0.0,-3.637824535369873, 0.0, 8729.729487895966, 4033.5684525966644
75, 0.6, -3.6890804767608643, -3.3408000469207764, -3.6891653537750244, 0.0,-3.5971219539642334, 0.0, 10281.85282611847, 4304.735767126083
75, 1.0, -3.6890804767608643, -3.3408000469207764, -3.689598321914673, 0.0,-3.5195469856262207, 0.0, 10240.619257211685, 4412.018988132477
75, 0.4, -3.6890804767608643, -3.3408000469207764, -3.6891369819641113, 0.0,-3.615654230117798, 0.0, 29116.808493614197, 4320.558027982712
75, 0.8, -3.6890804767608643, -3.3408000469207764, -3.6895477771759033, 0.0,-3.5628066062927246, 0.018573224544525146, 65349.17108488083, 4170.701703310013
