1, 0.0, 15.053277969360352, 28.027175903320312, 15.05333137512207, 0.0,15.053287506103516, 0.0, 487.8783721923828, 0.0
21, 0.0, 15.207115173339844, 28.14165496826172, 15.207462310791016, 0.0,15.207409858703613, 0.0, 475.04655051231384, 0.0
6, 0.0, 15.526480674743652, 28.471450805664062, 15.526213645935059, 0.0,15.526639938354492, 0.0, 548.784108877182, 0.0
10, 0.0, 15.364546775817871, 27.901222229003906, 15.364770889282227, 0.0,15.364782333374023, 0.0, 557.0642910003662, 0.0
16, 0.0, 15.128159523010254, 28.6246395111084, 15.12817096710205, 0.0,15.1282320022583, 0.0, 536.8729145526886, 0.0
26, 0.0, 15.324338912963867, 27.56875991821289, 15.324563980102539, 0.0,15.324380874633789, 0.0, 592.6438467502594, 0.0
21, 1.0, 15.207115173339844, 28.14165496826172, 15.207451820373535, 0.0,15.207427978515625, 0.5, 1826.6332821846008, 0.0
26, 1.0, 15.324338912963867, 27.56875991821289, 15.324396133422852, 0.0,15.324432373046875, 0.5, 1762.3570294380188, 0.0
10, 1.0, 15.364546775817871, 27.901222229003906, 15.36473560333252, 0.0,15.364547729492188, 0.5, 2412.3738374710083, 0.0
16, 1.0, 15.128159523010254, 28.6246395111084, 15.128203392028809, 0.0,15.128305435180664, 0.5, 2420.1926913261414, 0.0
1, 1.0, 15.053277969360352, 28.027175903320312, 15.05333423614502, 0.0,15.053279876708984, 0.49999988079071045, 2910.72478222847, 0.0
6, 1.0, 15.526480674743652, 28.471450805664062, 15.526265144348145, 0.0,15.526359558105469, 0.49999988079071045, 2902.1727192401886, 0.0
9, 4.0, 15.067902565002441, 28.43572425842285, 15.068058967590332, 0.0,15.067948341369629, 2.0001707077026367, 3637.6839923858643, 0.0
10, 2.0, 15.364546775817871, 27.901222229003906, 15.364729881286621, 0.0,15.364754676818848, 1.0, 2115.072486639023, 0.0
26, 2.0, 15.324338912963867, 27.56875991821289, 15.324318885803223, 0.0,15.324331283569336, 1.0, 2894.8532638549805, 0.0
21, 2.0, 15.207115173339844, 28.14165496826172, 15.207439422607422, 0.0,15.207225799560547, 0.9999992847442627, 2978.4308190345764, 0.0
16, 2.0, 15.128159523010254, 28.6246395111084, 15.128291130065918, 0.0,15.128313064575195, 1.0, 2802.1567418575287, 0.0
1, 2.0, 15.053277969360352, 28.027175903320312, 15.053324699401855, 0.0,15.053277015686035, 0.9999997615814209, 2874.5276601314545, 0.0
6, 2.0, 15.526480674743652, 28.471450805664062, 15.526203155517578, 0.0,15.526718139648438, 1.0, 3174.0031712055206, 0.0
9, 5.0, 15.067902565002441, 28.43572425842285, 15.068032264709473, 0.0,15.067854881286621, 2.50034761428833, 3439.900393009186, 0.0
10, 3.0, 15.364546775817871, 27.901222229003906, 15.364652633666992, 0.0,15.364872932434082, 1.500068187713623, 3211.5225038528442, 0.0
16, 3.0, 15.128159523010254, 28.6246395111084, 15.128217697143555, 0.0,15.128384590148926, 1.5000762939453125, 2602.931343317032, 0.0
21, 3.0, 15.207115173339844, 28.14165496826172, 15.207423210144043, 0.0,15.207428932189941, 1.5000486373901367, 3314.4038610458374, 0.0
26, 3.0, 15.324338912963867, 27.56875991821289, 15.324808120727539, 0.0,15.324471473693848, 1.5000395774841309, 3451.363777399063, 0.0
10, 0.0, 15.364546775817871, 27.901222229003906, 15.364770889282227, 0.0,15.364782333374023, 0.0, 584.6422598361969, 0.0
1, 3.0, 15.053277969360352, 28.027175903320312, 15.053266525268555, 0.0,15.053290367126465, 1.5000309944152832, 3292.4435448646545, 0.0
6, 3.0, 15.526480674743652, 28.471450805664062, 15.5261869430542, 0.0,15.526552200317383, 1.5000395774841309, 3280.9817814826965, 0.0
10, 1.0, 15.364546775817871, 27.901222229003906, 15.36473560333252, 0.0,15.364547729492188, 0.5, 2248.141525745392, 0.0
26, 4.0, 15.324338912963867, 27.56875991821289, 15.324316024780273, 0.0,15.324406623840332, 2.0001678466796875, 2997.4026639461517, 0.0
10, 4.0, 15.364546775817871, 27.901222229003906, 15.364514350891113, 0.0,15.364751815795898, 2.000286102294922, 3614.2271201610565, 0.0
16, 4.0, 15.128159523010254, 28.6246395111084, 15.128201484680176, 0.0,15.128615379333496, 2.0003180503845215, 3727.6371278762817, 0.0
21, 4.0, 15.207115173339844, 28.14165496826172, 15.2073974609375, 0.0,15.207572937011719, 2.00020170211792, 3856.7563169002533, 0.0
10, 2.0, 15.364546775817871, 27.901222229003906, 15.364729881286621, 0.0,15.364754676818848, 1.0, 1965.4151511192322, 0.0
6, 4.0, 15.526480674743652, 28.471450805664062, 15.526193618774414, 0.0,15.52616024017334, 2.0001649856567383, 3246.7126388549805, 0.0
1, 4.0, 15.053277969360352, 28.027175903320312, 15.0532808303833, 0.0,15.05330753326416, 2.0001277923583984, 3630.351812362671, 0.0
21, 5.0, 15.207115173339844, 28.14165496826172, 15.2073974609375, 0.0,15.207564353942871, 2.5003957748413086, 2300.255691766739, 0.0
26, 5.0, 15.324338912963867, 27.56875991821289, 15.324487686157227, 0.0,15.32455062866211, 2.5003199577331543, 3092.9256439208984, 0.0
27, 0.0, 15.544293403625488, 28.351224899291992, 15.544318199157715, 0.0,15.544290542602539, 0.0, 484.3831732273102, 0.0
22, 0.0, 15.411537170410156, 28.878158569335938, 15.412097930908203, 0.0,15.411354064941406, 0.0, 589.8327555656433, 0.0
10, 5.0, 15.364546775817871, 27.901222229003906, 15.36464786529541, 0.0,15.364794731140137, 2.5005455017089844, 3784.3462595939636, 0.0
16, 5.0, 15.128159523010254, 28.6246395111084, 15.128242492675781, 0.0,15.128582000732422, 2.5006027221679688, 3785.9512133598328, 0.0
1, 5.0, 15.053277969360352, 28.027175903320312, 15.05325698852539, 0.0,15.053308486938477, 2.5002636909484863, 2937.5375769138336, 0.0
10, 3.0, 15.364546775817871, 27.901222229003906, 15.364652633666992, 0.0,15.364872932434082, 1.500068187713623, 3202.900805711746, 0.0
11, 0.0, 15.462554931640625, 29.32218360900879, 15.462617874145508, 0.0,15.462687492370605, 0.0, 537.0805530548096, 0.0
6, 5.0, 15.526480674743652, 28.471450805664062, 15.526107788085938, 0.0,15.5264892578125, 2.5003223419189453, 3109.1986145973206, 0.0
17, 0.0, 15.288199424743652, 28.49056625366211, 15.288117408752441, 0.0,15.288474082946777, 0.0, 477.53022050857544, 0.0
2, 0.0, 15.079917907714844, 29.21109390258789, 15.079795837402344, 0.0,15.07986068725586, 0.0, 484.5076787471771, 0.0
7, 0.0, 15.229217529296875, 27.46364974975586, 15.229310035705566, 0.0,15.229159355163574, 0.0, 533.1400983333588, 0.0
27, 1.0, 15.544293403625488, 28.351224899291992, 15.54438304901123, 0.0,15.54429817199707, 0.5, 2136.18959236145, 0.0
22, 1.0, 15.411537170410156, 28.878158569335938, 15.411969184875488, 0.0,15.411506652832031, 0.5, 2658.2993144989014, 0.0
11, 1.0, 15.462554931640625, 29.32218360900879, 15.462691307067871, 0.0,15.462408065795898, 0.5, 2161.5668139457703, 0.0
17, 1.0, 15.288199424743652, 28.49056625366211, 15.288195610046387, 0.0,15.288570404052734, 0.5000001192092896, 2150.595030784607, 0.0
7, 1.0, 15.229217529296875, 27.46364974975586, 15.229323387145996, 0.0,15.229326248168945, 0.5000001192092896, 2260.515657901764, 0.0
2, 1.0, 15.079917907714844, 29.21109390258789, 15.079559326171875, 0.0,15.079832077026367, 0.5000002384185791, 2702.197560787201, 0.0
10, 4.0, 15.364546775817871, 27.901222229003906, 15.364514350891113, 0.0,15.364751815795898, 2.000286102294922, 3619.792455434799, 0.0
27, 2.0, 15.544293403625488, 28.351224899291992, 15.544350624084473, 0.0,15.544296264648438, 1.0, 2773.966835975647, 0.0
11, 2.0, 15.462554931640625, 29.32218360900879, 15.462713241577148, 0.0,15.46265983581543, 1.0000004768371582, 2397.2341570854187, 0.0
22, 2.0, 15.411537170410156, 28.878158569335938, 15.412199020385742, 0.0,15.411355972290039, 0.9999997615814209, 2759.836871623993, 0.0
17, 2.0, 15.288199424743652, 28.49056625366211, 15.288199424743652, 0.0,15.288609504699707, 1.0, 2628.2217149734497, 0.0
2, 2.0, 15.079917907714844, 29.21109390258789, 15.07979965209961, 0.0,15.07982063293457, 1.000000238418579, 2282.062940597534, 0.0
7, 2.0, 15.229217529296875, 27.46364974975586, 15.22938060760498, 0.0,15.229267120361328, 1.000000238418579, 2928.9101507663727, 0.0
11, 3.0, 15.462554931640625, 29.32218360900879, 15.462672233581543, 0.0,15.462331771850586, 1.500040054321289, 2814.4323484897614, 0.0
10, 5.0, 15.364546775817871, 27.901222229003906, 15.36464786529541, 0.0,15.364794731140137, 2.5005455017089844, 3787.7472083568573, 0.0
27, 3.0, 15.544293403625488, 28.351224899291992, 15.544349670410156, 0.0,15.544296264648438, 1.5000605583190918, 3551.5264225006104, 0.0
22, 3.0, 15.411537170410156, 28.878158569335938, 15.412158012390137, 0.0,15.411165237426758, 1.5000553131103516, 3279.1565234661102, 0.0
11, 0.0, 15.462554931640625, 29.32218360900879, 15.462617874145508, 0.0,15.462687492370605, 0.0, 546.3432374000549, 0.0
17, 3.0, 15.288199424743652, 28.49056625366211, 15.28749942779541, 0.0,15.288484573364258, 1.5000371932983398, 3253.3944165706635, 0.0
2, 3.0, 15.079917907714844, 29.21109390258789, 15.079875946044922, 0.0,15.079695701599121, 1.5000367164611816, 3425.673200368881, 0.0
7, 3.0, 15.229217529296875, 27.46364974975586, 15.229412078857422, 0.0,15.229119300842285, 1.5000362396240234, 3037.21236038208, 0.0
11, 1.0, 15.462554931640625, 29.32218360900879, 15.462691307067871, 0.0,15.462408065795898, 0.5, 2191.9234549999237, 0.0
11, 4.0, 15.462554931640625, 29.32218360900879, 15.46249008178711, 0.0,15.462392807006836, 2.000166893005371, 3128.5566732883453, 0.0
17, 4.0, 15.288199424743652, 28.49056625366211, 15.288207054138184, 0.0,15.288498878479004, 2.000153064727783, 2471.687736749649, 0.0
27, 4.0, 15.544293403625488, 28.351224899291992, 15.544330596923828, 0.0,15.544315338134766, 2.0002541542053223, 3441.921535253525, 0.0
22, 4.0, 15.411537170410156, 28.878158569335938, 15.41222095489502, 0.0,15.41166877746582, 2.0002307891845703, 3460.0384109020233, 0.0
7, 4.0, 15.229217529296875, 27.46364974975586, 15.229499816894531, 0.0,15.229406356811523, 2.000149726867676, 3492.5758154392242, 0.0
11, 2.0, 15.462554931640625, 29.32218360900879, 15.462713241577148, 0.0,15.46265983581543, 1.0000004768371582, 2359.7369678020477, 0.0
2, 4.0, 15.079917907714844, 29.21109390258789, 15.07995319366455, 0.0,15.079837799072266, 2.000153064727783, 4037.0622930526733, 0.0
11, 5.0, 15.462554931640625, 29.32218360900879, 15.462381362915039, 0.0,15.462601661682129, 2.5003089904785156, 2739.002286672592, 0.0
12, 0.0, 15.263585090637207, 27.869281768798828, 15.263460159301758, 0.0,15.26329517364502, 0.0, 542.1327219009399, 0.0
17, 5.0, 15.288199424743652, 28.49056625366211, 15.287635803222656, 0.0,15.288387298583984, 2.5003042221069336, 3435.4666719436646, 0.0
22, 5.0, 15.411537170410156, 28.878158569335938, 15.412121772766113, 0.0,15.411524772644043, 2.500448703765869, 2793.4948456287384, 0.0
27, 5.0, 15.544293403625488, 28.351224899291992, 15.544384002685547, 0.0,15.544683456420898, 2.5004796981811523, 3466.1663451194763, 0.0
23, 0.0, 15.03342342376709, 28.199447631835938, 15.03337574005127, 0.0,15.033326148986816, 0.0, 457.99399614334106, 0.0
18, 0.0, 15.02834701538086, 28.1505126953125, 15.028176307678223, 0.0,15.02824878692627, 0.0, 576.9261236190796, 0.0
28, 0.0, 15.038518905639648, 27.952957153320312, 15.03837776184082, 0.0,15.038363456726074, 0.0, 567.0350105762482, 0.0
11, 3.0, 15.462554931640625, 29.32218360900879, 15.462672233581543, 0.0,15.462331771850586, 1.500040054321289, 2785.2949764728546, 0.0
12, 1.0, 15.263585090637207, 27.869281768798828, 15.263603210449219, 0.0,15.263440132141113, 0.4999997615814209, 1987.0126204490662, 0.0
7, 5.0, 15.229217529296875, 27.46364974975586, 15.22931957244873, 0.0,15.229329109191895, 2.5002942085266113, 3569.3363773822784, 0.0
2, 5.0, 15.079917907714844, 29.21109390258789, 15.079943656921387, 0.0,15.079798698425293, 2.500288963317871, 3153.1961159706116, 0.0
8, 0.0, 15.283488273620605, 27.97067642211914, 15.283697128295898, 0.0,15.283675193786621, 0.0, 570.7431075572968, 0.0
3, 0.0, 15.304300308227539, 28.891714096069336, 15.304205894470215, 0.0,15.30427360534668, 0.0, 570.6780869960785, 0.0
23, 1.0, 15.03342342376709, 28.199447631835938, 15.033376693725586, 0.0,15.033332824707031, 0.5, 2171.6451485157013, 0.0
18, 1.0, 15.02834701538086, 28.1505126953125, 15.028182029724121, 0.0,15.028114318847656, 0.5000001192092896, 2115.872079372406, 0.0
28, 1.0, 15.038518905639648, 27.952957153320312, 15.038450241088867, 0.0,15.038265228271484, 0.5000001192092896, 2025.6088531017303, 0.0
3, 1.0, 15.304300308227539, 28.891714096069336, 15.30422592163086, 0.0,15.304485321044922, 0.5000001192092896, 1840.856767654419, 0.0
11, 4.0, 15.462554931640625, 29.32218360900879, 15.46249008178711, 0.0,15.462392807006836, 2.000166893005371, 3119.3250935077667, 0.0
8, 1.0, 15.283488273620605, 27.97067642211914, 15.283559799194336, 0.0,15.283596992492676, 0.5000001192092896, 2119.903929233551, 0.0
12, 2.0, 15.263585090637207, 27.869281768798828, 15.263481140136719, 0.0,15.26361083984375, 0.9999997615814209, 2772.259664297104, 0.0
18, 2.0, 15.02834701538086, 28.1505126953125, 15.028182983398438, 0.0,15.028176307678223, 1.000000238418579, 2003.035485982895, 0.0
23, 2.0, 15.03342342376709, 28.199447631835938, 15.033347129821777, 0.0,15.033315658569336, 1.000000238418579, 2784.105509996414, 0.0
28, 2.0, 15.038518905639648, 27.952957153320312, 15.038352012634277, 0.0,15.038379669189453, 1.0, 3031.033298969269, 0.0
3, 2.0, 15.304300308227539, 28.891714096069336, 15.3042573928833, 0.0,15.30420970916748, 1.0, 2325.7074801921844, 0.0
11, 5.0, 15.462554931640625, 29.32218360900879, 15.462381362915039, 0.0,15.462601661682129, 2.5003089904785156, 2721.4596498012543, 0.0
8, 2.0, 15.283488273620605, 27.97067642211914, 15.283598899841309, 0.0,15.283998489379883, 1.000000238418579, 2682.315994977951, 0.0
18, 3.0, 15.02834701538086, 28.1505126953125, 15.028202056884766, 0.0,15.028263092041016, 1.5000357627868652, 2798.1615188121796, 0.0
12, 3.0, 15.263585090637207, 27.869281768798828, 15.263503074645996, 0.0,15.263605117797852, 1.500049114227295, 3092.123365879059, 0.0
12, 0.0, 15.263585090637207, 27.869281768798828, 15.263460159301758, 0.0,15.26329517364502, 0.0, 539.1262500286102, 0.0
23, 3.0, 15.03342342376709, 28.199447631835938, 15.033387184143066, 0.0,15.0333833694458, 1.5000438690185547, 2891.073748111725, 0.0
3, 3.0, 15.304300308227539, 28.891714096069336, 15.303940773010254, 0.0,15.304265975952148, 1.500047206878662, 2053.58389210701, 0.0
28, 3.0, 15.038518905639648, 27.952957153320312, 15.038488388061523, 0.0,15.038369178771973, 1.5000386238098145, 3346.1983456611633, 0.0
12, 1.0, 15.263585090637207, 27.869281768798828, 15.263603210449219, 0.0,15.263440132141113, 0.4999997615814209, 2002.0907866954803, 0.0
8, 3.0, 15.283488273620605, 27.97067642211914, 15.28388500213623, 0.0,15.283658981323242, 1.5000667572021484, 3053.524578332901, 0.0
18, 4.0, 15.02834701538086, 28.1505126953125, 15.028220176696777, 0.0,15.028254508972168, 2.0001487731933594, 3189.5853774547577, 0.0
12, 4.0, 15.263585090637207, 27.869281768798828, 15.263662338256836, 0.0,15.26374626159668, 2.0002055168151855, 3438.58545589447, 0.0
23, 4.0, 15.03342342376709, 28.199447631835938, 15.033344268798828, 0.0,15.03342342376709, 2.0001845359802246, 3354.035931110382, 0.0
28, 4.0, 15.038518905639648, 27.952957153320312, 15.038627624511719, 0.0,15.038186073303223, 2.0001602172851562, 2615.264807701111, 0.0
3, 4.0, 15.304300308227539, 28.891714096069336, 15.30396556854248, 0.0,15.304065704345703, 2.0001983642578125, 3644.8870968818665, 0.0
12, 2.0, 15.263585090637207, 27.869281768798828, 15.263481140136719, 0.0,15.26361083984375, 0.9999997615814209, 2783.582534313202, 0.0
8, 4.0, 15.283488273620605, 27.97067642211914, 15.283503532409668, 0.0,15.28360652923584, 2.00028133392334, 2692.790986061096, 0.0
12, 5.0, 15.263585090637207, 27.869281768798828, 15.26365852355957, 0.0,15.263888359069824, 2.500393867492676, 3508.5207488536835, 0.0
18, 5.0, 15.02834701538086, 28.1505126953125, 15.028215408325195, 0.0,15.028263092041016, 2.500284194946289, 3848.8458659648895, 0.0
28, 5.0, 15.038518905639648, 27.952957153320312, 15.038354873657227, 0.0,15.03820514678955, 2.5003161430358887, 2970.7817776203156, 0.0
19, 0.0, 15.064830780029297, 27.75518035888672, 15.064891815185547, 0.0,15.06497859954834, 0.0, 477.64604330062866, 0.0
13, 0.0, 15.556116104125977, 28.0020751953125, 15.556195259094238, 0.0,15.556174278259277, 0.0, 570.1566598415375, 0.0
23, 5.0, 15.03342342376709, 28.199447631835938, 15.033332824707031, 0.0,15.03341293334961, 2.500359535217285, 3558.7120065689087, 0.0
3, 5.0, 15.304300308227539, 28.891714096069336, 15.304255485534668, 0.0,15.30423641204834, 2.5003857612609863, 3044.837479829788, 0.0
29, 0.0, 15.558343887329102, 28.41811752319336, 15.558269500732422, 0.0,15.558191299438477, 0.0, 488.37357664108276, 0.0
12, 3.0, 15.263585090637207, 27.869281768798828, 15.263503074645996, 0.0,15.263605117797852, 1.500049114227295, 3078.971932888031, 0.0
24, 0.0, 15.477956771850586, 28.729625701904297, 15.477823257446289, 0.0,15.477724075317383, 0.0, 549.0986065864563, 0.0
4, 0.0, 15.862499237060547, 28.222686767578125, 15.862970352172852, 0.0,15.862817764282227, 0.0, 502.27778244018555, 0.0
8, 5.0, 15.283488273620605, 27.97067642211914, 15.283726692199707, 0.0,15.283740997314453, 2.5005578994750977, 3240.0693929195404, 0.0
9, 0.0, 15.067902565002441, 28.43572425842285, 15.067974090576172, 0.0,15.068046569824219, 0.0, 596.2991218566895, 0.0
13, 1.0, 15.556116104125977, 28.0020751953125, 15.556191444396973, 0.0,15.556191444396973, 0.49999988079071045, 1641.8639690876007, 0.0
29, 1.0, 15.558343887329102, 28.41811752319336, 15.558349609375, 0.0,15.55827522277832, 0.5, 2225.0744667053223, 0.0
19, 1.0, 15.064830780029297, 27.75518035888672, 15.064879417419434, 0.0,15.064921379089355, 0.5, 2662.5923132896423, 0.0
4, 1.0, 15.862499237060547, 28.222686767578125, 15.862920761108398, 0.0,15.86275863647461, 0.5000001192092896, 2166.2565925121307, 0.0
24, 1.0, 15.477956771850586, 28.729625701904297, 15.477804183959961, 0.0,15.477798461914062, 0.5000001192092896, 2646.644659757614, 0.0
9, 1.0, 15.067902565002441, 28.43572425842285, 15.068145751953125, 0.0,15.067928314208984, 0.5, 2137.6823859214783, 0.0
12, 4.0, 15.263585090637207, 27.869281768798828, 15.263662338256836, 0.0,15.26374626159668, 2.0002055168151855, 3551.7112889289856, 0.0
13, 2.0, 15.556116104125977, 28.0020751953125, 15.556194305419922, 0.0,15.556208610534668, 1.000000238418579, 3010.5536375045776, 0.0
19, 2.0, 15.064830780029297, 27.75518035888672, 15.064798355102539, 0.0,15.06497573852539, 1.0, 2846.828958272934, 0.0
29, 2.0, 15.558343887329102, 28.41811752319336, 15.558537483215332, 0.0,15.558257102966309, 0.9999997615814209, 2879.0462555885315, 0.0
24, 2.0, 15.477956771850586, 28.729625701904297, 15.47782039642334, 0.0,15.47773551940918, 1.0, 2256.583758831024, 0.0
9, 2.0, 15.067902565002441, 28.43572425842285, 15.068037033081055, 0.0,15.06786823272705, 1.0, 1855.5502698421478, 0.0
4, 2.0, 15.862499237060547, 28.222686767578125, 15.863011360168457, 0.0,15.862804412841797, 1.0000004768371582, 2876.232038497925, 0.0
12, 5.0, 15.263585090637207, 27.869281768798828, 15.26365852355957, 0.0,15.263888359069824, 2.500393867492676, 3591.1903171539307, 0.0
13, 3.0, 15.556116104125977, 28.0020751953125, 15.5562162399292, 0.0,15.556116104125977, 1.5000410079956055, 3025.90526676178, 0.0
13, 0.0, 15.556116104125977, 28.0020751953125, 15.556195259094238, 0.0,15.556174278259277, 0.0, 613.9160964488983, 0.0
4, 3.0, 15.862499237060547, 28.222686767578125, 15.862947463989258, 0.0,15.862524032592773, 1.5000357627868652, 2844.3741643428802, 0.0
24, 3.0, 15.477956771850586, 28.729625701904297, 15.477893829345703, 0.0,15.477733612060547, 1.500047206878662, 3383.668520927429, 0.0
9, 3.0, 15.067902565002441, 28.43572425842285, 15.068029403686523, 0.0,15.06796932220459, 1.5000414848327637, 3405.3621594905853, 0.0
29, 3.0, 15.558343887329102, 28.41811752319336, 15.558462142944336, 0.0,15.558186531066895, 1.500032901763916, 3717.3949644565582, 0.0
19, 3.0, 15.064830780029297, 27.75518035888672, 15.064754486083984, 0.0,15.065293312072754, 1.500047206878662, 3793.349054336548, 0.0
13, 1.0, 15.556116104125977, 28.0020751953125, 15.556191444396973, 0.0,15.556191444396973, 0.49999988079071045, 1712.9773209095001, 0.0
13, 4.0, 15.556116104125977, 28.0020751953125, 15.55615234375, 0.0,15.556118965148926, 2.000171184539795, 3449.8832654953003, 0.0
4, 4.0, 15.862499237060547, 28.222686767578125, 15.862720489501953, 0.0,15.86292552947998, 2.000152111053467, 2983.8508751392365, 0.0
29, 4.0, 15.558343887329102, 28.41811752319336, 15.558309555053711, 0.0,15.558069229125977, 2.0001397132873535, 2680.4766545295715, 0.0
24, 4.0, 15.477956771850586, 28.729625701904297, 15.477877616882324, 0.0,15.477763175964355, 2.0001959800720215, 3248.0928630828857, 0.0
9, 4.0, 15.067902565002441, 28.43572425842285, 15.068058967590332, 0.0,15.067948341369629, 2.0001707077026367, 3474.7566034793854, 0.0
19, 4.0, 15.064830780029297, 27.75518035888672, 15.064818382263184, 0.0,15.0650634765625, 2.0001978874206543, 3317.551406621933, 0.0
13, 2.0, 15.556116104125977, 28.0020751953125, 15.556194305419922, 0.0,15.556208610534668, 1.000000238418579, 3018.4231021404266, 0.0
4, 5.0, 15.862499237060547, 28.222686767578125, 15.862945556640625, 0.0,15.863049507141113, 2.5002803802490234, 2909.891360759735, 0.0
13, 5.0, 15.556116104125977, 28.0020751953125, 15.55616569519043, 0.0,15.55599308013916, 2.500335216522217, 3507.4050376415253, 0.0
29, 5.0, 15.558343887329102, 28.41811752319336, 15.558487892150879, 0.0,15.55805492401123, 2.5002665519714355, 3057.4863381385803, 0.0
5, 0.0, 14.720807075500488, 28.133708953857422, 14.72083568572998, 0.0,14.720791816711426, 0.0, 558.653904914856, 0.0
14, 0.0, 15.376127243041992, 28.770248413085938, 15.375916481018066, 0.0,15.37608814239502, 0.0, 495.2088267803192, 0.0
19, 5.0, 15.064830780029297, 27.75518035888672, 15.064876556396484, 0.0,15.065313339233398, 2.5003862380981445, 2706.879345178604, 0.0
24, 5.0, 15.477956771850586, 28.729625701904297, 15.477853775024414, 0.0,15.477716445922852, 2.5003890991210938, 3184.8361542224884, 0.0
30, 0.0, 15.268582344055176, 28.877573013305664, 15.26839828491211, 0.0,15.268308639526367, 0.0, 555.1573307514191, 0.0
13, 3.0, 15.556116104125977, 28.0020751953125, 15.5562162399292, 0.0,15.556116104125977, 1.5000410079956055, 2979.5535657405853, 0.0
20, 0.0, 15.15597152709961, 26.97816276550293, 15.155929565429688, 0.0,15.156026840209961, 0.0, 590.69979429245, 0.0
9, 5.0, 15.067902565002441, 28.43572425842285, 15.068032264709473, 0.0,15.067854881286621, 2.50034761428833, 3358.19340801239, 0.0
25, 0.0, 15.05709457397461, 27.947654724121094, 15.056989669799805, 0.0,15.057064056396484, 0.0, 584.8170235157013, 0.0
10, 0.0, 15.364546775817871, 27.901222229003906, 15.364770889282227, 0.0,15.364782333374023, 0.0, 579.6843564510345, 0.0
14, 1.0, 15.376127243041992, 28.770248413085938, 15.37593936920166, 0.0,15.375999450683594, 0.5, 1939.8333201408386, 0.0
30, 1.0, 15.268582344055176, 28.877573013305664, 15.26835823059082, 0.0,15.268492698669434, 0.5, 2238.1538479328156, 0.0
5, 1.0, 14.720807075500488, 28.133708953857422, 14.720819473266602, 0.0,14.720800399780273, 0.5000001192092896, 2645.074944257736, 0.0
25, 1.0, 15.05709457397461, 27.947654724121094, 15.057026863098145, 0.0,15.057104110717773, 0.5, 2007.0577185153961, 0.0
20, 1.0, 15.15597152709961, 26.97816276550293, 15.155936241149902, 0.0,15.156099319458008, 0.49999988079071045, 2530.786144018173, 0.0
10, 1.0, 15.364546775817871, 27.901222229003906, 15.36473560333252, 0.0,15.364547729492188, 0.5, 2226.8607897758484, 0.0
13, 4.0, 15.556116104125977, 28.0020751953125, 15.55615234375, 0.0,15.556118965148926, 2.000171184539795, 3353.458629846573, 0.0
14, 2.0, 15.376127243041992, 28.770248413085938, 15.375739097595215, 0.0,15.376051902770996, 1.0000004768371582, 2163.8445956707, 0.0
5, 2.0, 14.720807075500488, 28.133708953857422, 14.720789909362793, 0.0,14.720690727233887, 1.000000238418579, 2237.676950931549, 0.0
10, 2.0, 15.364546775817871, 27.901222229003906, 15.364729881286621, 0.0,15.364754676818848, 1.0, 1947.6583800315857, 0.0
30, 2.0, 15.268582344055176, 28.877573013305664, 15.268304824829102, 0.0,15.268132209777832, 0.9999997615814209, 2952.637599468231, 0.0
25, 2.0, 15.05709457397461, 27.947654724121094, 15.057037353515625, 0.0,15.056982040405273, 1.0, 2731.033129930496, 0.0
20, 2.0, 15.15597152709961, 26.97816276550293, 15.155790328979492, 0.0,15.156095504760742, 0.9999997615814209, 2769.1929500102997, 0.0
14, 3.0, 15.376127243041992, 28.770248413085938, 15.375944137573242, 0.0,15.375983238220215, 1.500030517578125, 2676.033908367157, 0.0
5, 3.0, 14.720807075500488, 28.133708953857422, 14.720837593078613, 0.0,14.7210054397583, 1.500014305114746, 2561.78733420372, 0.0
13, 5.0, 15.556116104125977, 28.0020751953125, 15.55616569519043, 0.0,15.55599308013916, 2.500335216522217, 3520.4381992816925, 0.0
30, 3.0, 15.268582344055176, 28.877573013305664, 15.269060134887695, 0.0,15.268331527709961, 1.5000286102294922, 2234.037366628647, 0.0
14, 0.0, 15.376127243041992, 28.770248413085938, 15.375916481018066, 0.0,15.37608814239502, 0.0, 510.7917561531067, 0.0
25, 3.0, 15.05709457397461, 27.947654724121094, 15.057084083557129, 0.0,15.057065963745117, 1.500051498413086, 3038.426815032959, 0.0
10, 3.0, 15.364546775817871, 27.901222229003906, 15.364652633666992, 0.0,15.364872932434082, 1.500068187713623, 3188.903568983078, 0.0
20, 3.0, 15.15597152709961, 26.97816276550293, 15.155984878540039, 0.0,15.15605354309082, 1.5000333786010742, 3119.8921682834625, 0.0
14, 4.0, 15.376127243041992, 28.770248413085938, 15.375844955444336, 0.0,15.375962257385254, 2.0001258850097656, 3234.4650070667267, 0.0
14, 1.0, 15.376127243041992, 28.770248413085938, 15.37593936920166, 0.0,15.375999450683594, 0.5, 1987.6664209365845, 0.0
5, 4.0, 14.720807075500488, 28.133708953857422, 14.720846176147461, 0.0,14.720943450927734, 2.0000576972961426, 3611.8305242061615, 0.0
30, 4.0, 15.268582344055176, 28.877573013305664, 15.268342018127441, 0.0,15.26821231842041, 2.0001211166381836, 3359.322100162506, 0.0
25, 4.0, 15.05709457397461, 27.947654724121094, 15.057015419006348, 0.0,15.05693244934082, 2.000213146209717, 3569.886771440506, 0.0
14, 2.0, 15.376127243041992, 28.770248413085938, 15.375739097595215, 0.0,15.376051902770996, 1.0000004768371582, 2165.000421524048, 0.0
10, 4.0, 15.364546775817871, 27.901222229003906, 15.364514350891113, 0.0,15.364751815795898, 2.000286102294922, 3657.074280500412, 0.0
20, 4.0, 15.15597152709961, 26.97816276550293, 15.155963897705078, 0.0,15.15600872039795, 2.000138759613037, 3380.651400566101, 0.0
14, 5.0, 15.376127243041992, 28.770248413085938, 15.375762939453125, 0.0,15.375991821289062, 2.5002517700195312, 2918.274107694626, 0.0
15, 0.0, 15.331725120544434, 29.412948608398438, 15.33189868927002, 0.0,15.331735610961914, 0.0, 576.14364361763, 0.0
30, 5.0, 15.268582344055176, 28.877573013305664, 15.268523216247559, 0.0,15.268681526184082, 2.5002331733703613, 3237.1289489269257, 0.0
5, 5.0, 14.720807075500488, 28.133708953857422, 14.720817565917969, 0.0,14.720930099487305, 2.500110626220703, 3518.3221464157104, 0.0
14, 3.0, 15.376127243041992, 28.770248413085938, 15.375944137573242, 0.0,15.375983238220215, 1.500030517578125, 2639.9048013687134, 0.0
25, 5.0, 15.05709457397461, 27.947654724121094, 15.057049751281738, 0.0,15.057048797607422, 2.5004234313964844, 3498.7515642642975, 0.0
20, 5.0, 15.15597152709961, 26.97816276550293, 15.155810356140137, 0.0,15.156028747558594, 2.5002732276916504, 3373.7219743728638, 0.0
15, 1.0, 15.331725120544434, 29.412948608398438, 15.331995010375977, 0.0,15.331698417663574, 0.5000002384185791, 2512.2037472724915, 0.0
10, 5.0, 15.364546775817871, 27.901222229003906, 15.36464786529541, 0.0,15.364794731140137, 2.5005455017089844, 3750.1369709968567, 0.0
14, 4.0, 15.376127243041992, 28.770248413085938, 15.375844955444336, 0.0,15.375962257385254, 2.0001258850097656, 3054.8158192634583, 0.0
15, 2.0, 15.331725120544434, 29.412948608398438, 15.33189582824707, 0.0,15.33171272277832, 1.000000238418579, 2146.3341369628906, 0.0
